SUBJECT;LABEL;DICE;HDRFDST
117122;Amygdala;0.568817502076987;20.8806130178211
117122-PP;Amygdala;0.568817502076987;20.8806130178211
