SUBJECT;LABEL;DICE;HDRFDST
117122;WhiteMatter;0.8139706225060143;4.58257569495584
117122-PP;WhiteMatter;0.8139706225060143;4.58257569495584
