SUBJECT;LABEL;DICE;HDRFDST
117122;WhiteMatter;0.8255401894287039;4.123105625617661
117122-PP;WhiteMatter;0.8255401894287039;4.123105625617661
