SUBJECT;LABEL;DICE;HDRFDST
117122;Hippocampus;0.5539702696646;12.529964086141668
117122-PP;Hippocampus;0.5539702696646;12.529964086141668
