SUBJECT;LABEL;DICE;HDRFDST
117122;Thalamus;0.7893284791945163;5.0
117122-PP;Thalamus;0.7893284791945163;5.0
