SUBJECT;LABEL;DICE;HDRFDST
117122;Amygdala;0.5611202635914333;14.177446878757825
117122-PP;Amygdala;0.5611202635914333;14.177446878757825
