SUBJECT;LABEL;DICE;HDRFDST
117122;GreyMatter;0.7116690470421709;2.0
117122-PP;GreyMatter;0.7116690470421709;2.0
