SUBJECT;LABEL;DICE;HDRFDST
117122;Thalamus;0.7982585932164807;4.58257569495584
117122-PP;Thalamus;0.7982585932164807;4.58257569495584
