SUBJECT;LABEL;DICE;HDRFDST
117122;Hippocampus;0.5584045584045584;13.076696830622021
117122-PP;Hippocampus;0.5584045584045584;13.076696830622021
