SUBJECT;LABEL;DICE;HDRFDST
117122;GreyMatter;0.719423433709148;2.23606797749979
117122-PP;GreyMatter;0.719423433709148;2.23606797749979
